time,gFx,gFy,gFz,TgF
0.004651,0.9544,0.0556,-0.2056,0.98
0.014730,0.9666,0.0473,-0.2012,0.99
0.036255,0.9652,0.0356,-0.2149,0.99
0.058335,0.9612,0.0331,-0.2086,0.98
0.076085,0.9554,0.0375,-0.1934,0.98
0.094313,0.9559,0.0400,-0.1919,0.98
0.120019,0.9363,0.0365,-0.2130,0.96
0.135837,0.9568,0.0488,-0.1699,0.97
0.157675,0.9627,0.0458,-0.1768,0.98
0.184507,0.9573,0.0307,-0.2012,0.98
0.201154,0.9524,0.0282,-0.2017,0.97
0.218688,0.9564,0.0453,-0.1915,0.98
0.242176,0.9515,0.0268,-0.1768,0.97
0.258731,0.9407,0.0483,-0.1758,0.96
0.275167,0.9520,0.0522,-0.2110,0.98
0.301548,0.9686,0.0483,-0.1866,0.99
0.318515,0.9700,0.0463,-0.1841,0.99
0.344479,0.9700,0.0517,-0.1944,0.99
0.368224,0.9608,0.0600,-0.1885,0.98
0.383164,0.9588,0.0620,-0.1900,0.98
0.400531,0.9666,0.0502,-0.1929,0.99
0.418728,0.9661,0.0439,-0.1934,0.99
0.444349,0.9608,0.0424,-0.2022,0.98
0.465087,0.9710,0.0385,-0.2017,0.99
0.485035,0.9617,0.0390,-0.2061,0.98
0.502386,0.9559,0.0370,-0.1968,0.98
0.526630,0.9490,0.0317,-0.1949,0.97
0.545840,0.9539,0.0317,-0.2003,0.98
0.560944,0.9529,0.0336,-0.2032,0.97
0.584306,0.9564,0.0277,-0.2130,0.98
0.602586,0.9632,0.0214,-0.2193,0.99
0.620813,0.9583,0.0111,-0.2291,0.99
0.645945,0.9573,0.0131,-0.2281,0.98
0.665783,0.9520,0.0165,-0.2257,0.98
0.684577,0.9446,0.0263,-0.2247,0.97
0.702102,0.9383,0.0385,-0.2257,0.97
0.727855,0.9353,0.0463,-0.2335,0.97
0.744243,0.9500,0.0444,-0.2462,0.98
0.766118,0.9622,0.0424,-0.2721,1.00
0.785793,0.9661,0.0458,-0.2795,1.01
0.802920,0.9539,0.0532,-0.2672,0.99
0.827983,0.9476,0.0502,-0.2570,0.98
0.844488,0.9485,0.0424,-0.2555,0.98
0.866754,0.9500,0.0380,-0.2648,0.99
0.884154,0.9490,0.0361,-0.2770,0.99
0.910174,0.9456,0.0380,-0.2990,0.99
0.926082,0.9573,0.0429,-0.3068,1.01
0.944675,0.9583,0.0507,-0.2863,1.00
0.980466,0.9500,0.0414,-0.2917,0.99
0.984603,0.9466,0.0380,-0.2922,0.99
1.011600,0.9461,0.0341,-0.2834,0.99
1.026603,0.9505,0.0307,-0.2814,0.99
1.045927,0.9378,0.0321,-0.2653,0.98
1.078046,0.9290,0.0331,-0.2643,0.97
1.093534,0.9515,0.0312,-0.2755,0.99
1.110530,0.9652,0.0307,-0.2780,1.00
1.126738,0.9612,0.0336,-0.2824,1.00
1.152641,0.9402,0.0385,-0.2687,0.98
1.179635,0.9309,0.0263,-0.2628,0.97
1.193622,0.9368,0.0194,-0.2702,0.98
1.210783,0.9378,0.0194,-0.2726,0.98
1.234745,0.9446,0.0160,-0.2570,0.98
1.253490,0.9534,0.0106,-0.2550,0.99
1.279508,0.9510,0.0062,-0.2565,0.98
1.292316,0.9466,0.0087,-0.2619,0.98
1.310353,0.9432,0.0160,-0.2643,0.98
1.335956,0.9417,0.0141,-0.2531,0.98
1.352422,0.9417,0.0165,-0.2579,0.98
1.377817,0.9427,0.0170,-0.2609,0.98
1.393690,0.9500,0.0209,-0.2555,0.98
1.409911,0.9456,0.0253,-0.2589,0.98
1.434463,0.9529,0.0268,-0.2658,0.99
1.451637,0.9515,0.0312,-0.2672,0.99
1.479929,0.9353,0.0321,-0.2653,0.97
1.491833,0.9451,0.0317,-0.2560,0.98
1.511989,0.9451,0.0297,-0.2452,0.98
1.535853,0.9363,0.0194,-0.2506,0.97
1.565850,0.9515,0.0233,-0.2511,0.98
1.578825,0.9568,0.0243,-0.2501,0.99
1.591723,0.9549,0.0233,-0.2477,0.99
1.617804,0.9539,0.0224,-0.2482,0.99
1.636313,0.9578,0.0287,-0.2550,0.99
1.652472,0.9515,0.0351,-0.2609,0.99
1.679518,0.9529,0.0341,-0.2648,0.99
1.701808,0.9539,0.0307,-0.2433,0.98
1.717739,0.9500,0.0263,-0.2350,0.98
1.735499,0.9510,0.0292,-0.2335,0.98
1.765080,0.9510,0.0370,-0.2487,0.98
1.776367,0.9539,0.0390,-0.2472,0.99
1.799843,0.9539,0.0277,-0.2521,0.99
1.817835,0.9539,0.0214,-0.2565,0.99
1.842283,0.9578,0.0204,-0.2501,0.99
1.865950,0.9446,0.0229,-0.2496,0.98
1.877898,0.9461,0.0258,-0.2535,0.98
1.901479,0.9461,0.0287,-0.2364,0.98
1.918128,0.9524,0.0243,-0.2281,0.98
1.942358,0.9500,0.0209,-0.2394,0.98
1.964476,0.9412,0.0292,-0.2408,0.97
1.986196,0.9544,0.0302,-0.2330,0.98
2.000199,0.9568,0.0292,-0.2320,0.99
2.018034,0.9515,0.0248,-0.2355,0.98
2.042337,0.9495,0.0224,-0.2359,0.98
2.065950,0.9554,0.0243,-0.2369,0.98
2.083745,0.9559,0.0233,-0.2335,0.98
2.101651,0.9510,0.0287,-0.2379,0.98
2.125887,0.9471,0.0297,-0.2281,0.97
2.143064,0.9490,0.0287,-0.2267,0.98
2.163745,0.9500,0.0273,-0.2408,0.98
2.183613,0.9583,0.0277,-0.2477,0.99
2.200201,0.9583,0.0243,-0.2423,0.99
2.226202,0.9520,0.0204,-0.2384,0.98
2.242307,0.9534,0.0219,-0.2384,0.98
2.273622,0.9476,0.0263,-0.2399,0.98
2.285734,0.9471,0.0282,-0.2389,0.98
2.301217,0.9480,0.0297,-0.2428,0.98
2.325690,0.9510,0.0312,-0.2428,0.98
2.342018,0.9539,0.0302,-0.2526,0.99
2.373119,0.9520,0.0317,-0.2516,0.99
2.386322,0.9510,0.0317,-0.2521,0.98
2.408679,0.9578,0.0307,-0.2506,0.99
2.427188,0.9485,0.0258,-0.2560,0.98
2.443174,0.9510,0.0277,-0.2491,0.98
2.474097,0.9568,0.0229,-0.2457,0.99
2.486355,0.9505,0.0224,-0.2399,0.98
2.510146,0.9476,0.0287,-0.2526,0.98
2.526216,0.9524,0.0209,-0.2477,0.98
2.550111,0.9549,0.0180,-0.2457,0.99
2.573580,0.9480,0.0268,-0.2447,0.98
2.586511,0.9515,0.0282,-0.2452,0.98
2.609021,0.9495,0.0277,-0.2423,0.98
2.627309,0.9471,0.0321,-0.2457,0.98
2.650889,0.9549,0.0263,-0.2452,0.99
2.672173,0.9505,0.0194,-0.2438,0.98
2.691906,0.9539,0.0243,-0.2491,0.99
2.709653,0.9568,0.0253,-0.2491,0.99
2.726207,0.9544,0.0248,-0.2433,0.99
2.750853,0.9471,0.0297,-0.2457,0.98
2.773416,0.9505,0.0312,-0.2501,0.98
2.791952,0.9524,0.0268,-0.2472,0.98
2.809475,0.9544,0.0224,-0.2467,0.99
2.833793,0.9471,0.0268,-0.2369,0.98
2.851103,0.9529,0.0287,-0.2423,0.98
2.872683,0.9520,0.0224,-0.2359,0.98
2.891617,0.9441,0.0229,-0.2428,0.98
2.909838,0.9534,0.0287,-0.2452,0.98
2.933467,0.9578,0.0263,-0.2418,0.99
2.951195,0.9505,0.0263,-0.2384,0.98
2.971806,0.9495,0.0312,-0.2418,0.98
2.990809,0.9564,0.0312,-0.2477,0.99
3.016666,0.9544,0.0233,-0.2389,0.98
3.035324,0.9559,0.0248,-0.2301,0.98
3.050582,0.9544,0.0253,-0.2281,0.98
3.071232,0.9617,0.0258,-0.2257,0.99
3.090808,0.9490,0.0268,-0.2262,0.98
3.110565,0.9466,0.0302,-0.2267,0.97
3.133552,0.9549,0.0268,-0.2384,0.98
3.157915,0.9573,0.0248,-0.2350,0.99
3.180390,0.9500,0.0282,-0.2350,0.98
3.199918,0.9564,0.0287,-0.2340,0.98
3.216811,0.9554,0.0273,-0.2311,0.98
3.233922,0.9515,0.0233,-0.2350,0.98
3.258391,0.9510,0.0268,-0.2345,0.98
3.280820,0.9554,0.0292,-0.2355,0.98
3.292777,0.9559,0.0302,-0.2374,0.99
3.316652,0.9529,0.0277,-0.2296,0.98
3.339441,0.9578,0.0233,-0.2247,0.98
3.358341,0.9544,0.0263,-0.2408,0.98
3.385476,0.9456,0.0331,-0.2423,0.98
3.399674,0.9559,0.0336,-0.2413,0.99
3.417784,0.9564,0.0277,-0.2350,0.99
3.442391,0.9471,0.0189,-0.2359,0.98
3.457678,0.9539,0.0175,-0.2345,0.98
3.489381,0.9549,0.0233,-0.2311,0.98
3.501101,0.9534,0.0238,-0.2320,0.98
3.524662,0.9510,0.0297,-0.2320,0.98
3.541648,0.9549,0.0287,-0.2325,0.98
3.559249,0.9568,0.0273,-0.2301,0.98
3.583270,0.9520,0.0292,-0.2345,0.98
3.598841,0.9529,0.0292,-0.2369,0.98
3.624570,0.9559,0.0302,-0.2389,0.99
3.642356,0.9510,0.0341,-0.2345,0.98
3.671107,0.9564,0.0326,-0.2335,0.98
3.682510,0.9544,0.0297,-0.2325,0.98
3.698638,0.9490,0.0273,-0.2301,0.98
3.724899,0.9534,0.0238,-0.2320,0.98
3.741593,0.9539,0.0233,-0.2379,0.98
3.771091,0.9524,0.0307,-0.2482,0.98
3.783152,0.9510,0.0331,-0.2399,0.98
3.807433,0.9652,0.0258,-0.2447,1.00
3.827253,0.9705,0.0219,-0.2379,1.00
3.842578,0.9446,0.0292,-0.2296,0.97
3.872653,0.9436,0.0365,-0.2247,0.97
3.882283,0.9485,0.0356,-0.2242,0.98
3.906924,0.9559,0.0253,-0.2369,0.99
3.923619,0.9603,0.0268,-0.2394,0.99
3.949618,0.9564,0.0277,-0.2291,0.98
3.971257,0.9524,0.0277,-0.2257,0.98
3.990693,0.9505,0.0307,-0.2296,0.98
4.008106,0.9539,0.0346,-0.2296,0.98
4.025225,0.9524,0.0346,-0.2320,0.98
4.050567,0.9524,0.0287,-0.2369,0.98
4.072587,0.9539,0.0282,-0.2276,0.98
4.093265,0.9544,0.0277,-0.2218,0.98
4.106482,0.9573,0.0292,-0.2262,0.98
4.132827,0.9578,0.0312,-0.2325,0.99
4.150284,0.9554,0.0292,-0.2301,0.98
4.172185,0.9564,0.0365,-0.2350,0.99
4.189325,0.9520,0.0365,-0.2345,0.98
4.207517,0.9520,0.0365,-0.2286,0.98
4.234292,0.9529,0.0277,-0.2413,0.98
4.249556,0.9500,0.0336,-0.2271,0.98
4.270821,0.9588,0.0307,-0.2330,0.99
4.288911,0.9671,0.0292,-0.2408,1.00
4.308965,0.9495,0.0331,-0.2389,0.98
4.334278,0.9480,0.0365,-0.2301,0.98
4.350323,0.9480,0.0361,-0.2320,0.98
4.370407,0.9529,0.0273,-0.2335,0.98
4.389425,0.9559,0.0233,-0.2281,0.98
4.418760,0.9564,0.0258,-0.2281,0.98
4.433285,0.9568,0.0248,-0.2208,0.98
4.449618,0.9544,0.0268,-0.2242,0.98
4.481719,0.9544,0.0243,-0.2213,0.98
4.490685,0.9549,0.0248,-0.2242,0.98
4.514903,0.9544,0.0253,-0.2315,0.98
4.534535,0.9534,0.0292,-0.2320,0.98
4.558747,0.9544,0.0317,-0.2242,0.98
4.579642,0.9539,0.0312,-0.2271,0.98
4.593168,0.9544,0.0297,-0.2252,0.98
4.616677,0.9568,0.0268,-0.2247,0.98
4.633195,0.9564,0.0321,-0.2281,0.98
4.657270,0.9564,0.0312,-0.2262,0.98
4.679248,0.9490,0.0287,-0.2257,0.98
4.698910,0.9578,0.0253,-0.2379,0.99
4.716017,0.9568,0.0302,-0.2276,0.98
4.732226,0.9544,0.0302,-0.2203,0.98
4.758168,0.9568,0.0268,-0.2257,0.98
4.778907,0.9480,0.0297,-0.2345,0.98
4.797215,0.9612,0.0331,-0.2413,0.99
4.816330,0.9622,0.0317,-0.2374,0.99
4.841393,0.9529,0.0263,-0.2330,0.98
4.856674,0.9510,0.0277,-0.2301,0.98
4.876490,0.9549,0.0292,-0.2286,0.98
4.897279,0.9568,0.0287,-0.2242,0.98
4.917171,0.9534,0.0238,-0.2286,0.98
4.939687,0.9568,0.0302,-0.2301,0.98
4.957174,0.9534,0.0326,-0.2306,0.98
4.978316,0.9520,0.0302,-0.2335,0.98
4.998346,0.9559,0.0243,-0.2340,0.98
5.023076,0.9583,0.0204,-0.2276,0.99
5.040103,0.9564,0.0248,-0.2286,0.98
5.056819,0.9544,0.0277,-0.2330,0.98
5.079067,0.9568,0.0307,-0.2311,0.98
5.097747,0.9564,0.0321,-0.2320,0.98
5.117789,0.9534,0.0321,-0.2345,0.98
5.140956,0.9564,0.0277,-0.2286,0.98
5.158035,0.9573,0.0277,-0.2267,0.98
5.190712,0.9505,0.0361,-0.2159,0.98
5.206828,0.9564,0.0341,-0.2218,0.98
5.223673,0.9520,0.0326,-0.2315,0.98
5.241134,0.9544,0.0321,-0.2394,0.98
5.265608,0.9573,0.0336,-0.2325,0.99
5.280763,0.9598,0.0297,-0.2252,0.99
5.305160,0.9573,0.0273,-0.2237,0.98
5.322706,0.9529,0.0297,-0.2271,0.98
5.347838,0.9564,0.0302,-0.2399,0.99
5.364276,0.9544,0.0297,-0.2340,0.98
5.386438,0.9520,0.0317,-0.2223,0.98
5.405725,0.9573,0.0307,-0.2188,0.98
5.423875,0.9510,0.0292,-0.2179,0.98
5.447752,0.9466,0.0317,-0.2247,0.97
5.464608,0.9524,0.0312,-0.2350,0.98
5.489502,0.9622,0.0273,-0.2286,0.99
5.506126,0.9612,0.0268,-0.2271,0.99
5.530920,0.9564,0.0297,-0.2276,0.98
5.548259,0.9510,0.0341,-0.2252,0.98
5.566004,0.9524,0.0307,-0.2247,0.98
5.588608,0.9564,0.0277,-0.2301,0.98
5.606084,0.9549,0.0277,-0.2320,0.98
5.630848,0.9578,0.0287,-0.2335,0.99
5.648974,0.9505,0.0302,-0.2315,0.98
5.679558,0.9603,0.0312,-0.2301,0.99
5.690064,0.9642,0.0282,-0.2330,0.99
5.715230,0.9500,0.0312,-0.2320,0.98
5.731891,0.9505,0.0356,-0.2291,0.98
5.748185,0.9559,0.0307,-0.2291,0.98
5.778337,0.9573,0.0282,-0.2276,0.98
5.793836,0.9520,0.0243,-0.2286,0.98
5.812763,0.9544,0.0204,-0.2301,0.98
5.833464,0.9559,0.0194,-0.2315,0.98
5.848085,0.9554,0.0233,-0.2311,0.98
5.878623,0.9539,0.0312,-0.2291,0.98
5.889439,0.9544,0.0287,-0.2311,0.98
5.914366,0.9520,0.0282,-0.2330,0.98
5.930938,0.9529,0.0292,-0.2315,0.98
5.957514,0.9515,0.0351,-0.2335,0.98
5.977540,0.9559,0.0326,-0.2369,0.99
5.998026,0.9588,0.0287,-0.2364,0.99
6.013871,0.9568,0.0292,-0.2340,0.99
6.030826,0.9549,0.0336,-0.2330,0.98
6.056087,0.9490,0.0341,-0.2325,0.98
6.078464,0.9544,0.0331,-0.2325,0.98
6.096262,0.9598,0.0292,-0.2384,0.99
6.113999,0.9608,0.0307,-0.2399,0.99
6.132628,0.9441,0.0297,-0.2301,0.97
6.157628,0.9564,0.0341,-0.2315,0.98
6.178644,0.9598,0.0331,-0.2330,0.99
6.196170,0.9500,0.0312,-0.2320,0.98
6.215313,0.9564,0.0292,-0.2311,0.98
6.240358,0.9598,0.0282,-0.2345,0.99
6.256535,0.9554,0.0277,-0.2350,0.98
6.277842,0.9520,0.0321,-0.2340,0.98
6.297028,0.9573,0.0297,-0.2355,0.99
6.320930,0.9544,0.0229,-0.2267,0.98
6.337540,0.9524,0.0258,-0.2276,0.98
6.354522,0.9505,0.0346,-0.2291,0.98
6.378880,0.9500,0.0331,-0.2320,0.98
6.396142,0.9554,0.0307,-0.2359,0.98
6.422406,0.9568,0.0292,-0.2330,0.99
6.439847,0.9559,0.0277,-0.2345,0.98
6.455400,0.9510,0.0277,-0.2335,0.98
6.484868,0.9573,0.0292,-0.2311,0.99
6.495850,0.9588,0.0307,-0.2301,0.99
6.521933,0.9534,0.0297,-0.2291,0.98
6.540197,0.9515,0.0302,-0.2291,0.98
6.564440,0.9515,0.0302,-0.2281,0.98
6.585957,0.9529,0.0312,-0.2301,0.98
6.599070,0.9573,0.0282,-0.2364,0.99
6.621669,0.9549,0.0277,-0.2399,0.98
6.640118,0.9510,0.0326,-0.2281,0.98
6.665279,0.9573,0.0263,-0.2276,0.98
6.684643,0.9505,0.0238,-0.2325,0.98
6.705236,0.9544,0.0258,-0.2320,0.98
6.723552,0.9608,0.0263,-0.2296,0.99
6.739017,0.9578,0.0268,-0.2286,0.99
6.765236,0.9515,0.0282,-0.2291,0.98
6.785669,0.9554,0.0321,-0.2384,0.99
6.806717,0.9573,0.0238,-0.2311,0.99
6.822002,0.9544,0.0219,-0.2232,0.98
6.849150,0.9510,0.0263,-0.2227,0.98
6.865181,0.9505,0.0277,-0.2257,0.98
6.885326,0.9539,0.0287,-0.2301,0.98
6.906876,0.9534,0.0307,-0.2359,0.98
6.921412,0.9554,0.0268,-0.2335,0.98
6.949001,0.9588,0.0263,-0.2379,0.99
6.965528,0.9593,0.0243,-0.2374,0.99
6.984905,0.9564,0.0282,-0.2340,0.98
7.005437,0.9529,0.0302,-0.2335,0.98
7.030079,0.9520,0.0307,-0.2320,0.98
7.047187,0.9524,0.0297,-0.2325,0.98
7.063494,0.9544,0.0229,-0.2306,0.98
7.085660,0.9559,0.0258,-0.2350,0.98
7.105043,0.9573,0.0312,-0.2413,0.99
7.123725,0.9505,0.0317,-0.2315,0.98
7.147989,0.9583,0.0248,-0.2247,0.98
7.164295,0.9554,0.0233,-0.2330,0.98
7.184465,0.9456,0.0297,-0.2315,0.97
7.204013,0.9515,0.0326,-0.2399,0.98
7.228642,0.9539,0.0233,-0.2408,0.98
7.247895,0.9529,0.0194,-0.2399,0.98
7.265057,0.9515,0.0268,-0.2345,0.98
7.298728,0.9554,0.0326,-0.2311,0.98
7.304535,0.9549,0.0307,-0.2286,0.98
7.329855,0.9544,0.0268,-0.2267,0.98
7.347312,0.9529,0.0214,-0.2252,0.98
7.371767,0.9505,0.0189,-0.2335,0.98
7.399631,0.9539,0.0263,-0.2413,0.98
7.413953,0.9578,0.0238,-0.2423,0.99
7.429984,0.9593,0.0238,-0.2359,0.99
7.446759,0.9534,0.0287,-0.2311,0.98
7.472598,0.9539,0.0268,-0.2311,0.98
7.498785,0.9539,0.0238,-0.2306,0.98
7.513688,0.9554,0.0248,-0.2291,0.98
7.528966,0.9554,0.0258,-0.2315,0.98
7.547466,0.9554,0.0287,-0.2315,0.98
7.572814,0.9534,0.0268,-0.2389,0.98
7.597393,0.9490,0.0273,-0.2389,0.98
7.612634,0.9510,0.0302,-0.2247,0.98
7.628794,0.9583,0.0287,-0.2203,0.98
7.655068,0.9559,0.0233,-0.2296,0.98
7.672683,0.9402,0.0282,-0.2379,0.97
7.695280,0.9573,0.0277,-0.2364,0.99
7.711863,0.9549,0.0209,-0.2340,0.98
7.729532,0.9529,0.0165,-0.2350,0.98
7.755518,0.9539,0.0199,-0.2330,0.98
7.771594,0.9573,0.0185,-0.2359,0.99
7.796222,0.9539,0.0209,-0.2325,0.98
7.813114,0.9559,0.0243,-0.2394,0.99
7.837816,0.9539,0.0282,-0.2345,0.98
7.854970,0.9510,0.0302,-0.2340,0.98
7.871779,0.9471,0.0287,-0.2374,0.98
7.895694,0.9573,0.0229,-0.2379,0.99
7.912817,0.9583,0.0263,-0.2340,0.99
7.937481,0.9568,0.0317,-0.2369,0.99
7.955857,0.9529,0.0292,-0.2369,0.98
7.972558,0.9529,0.0258,-0.2350,0.98
7.995086,0.9529,0.0233,-0.2355,0.98
8.011640,0.9500,0.0243,-0.2340,0.98
8.037383,0.9515,0.0277,-0.2374,0.98
8.054474,0.9505,0.0253,-0.2462,0.98
8.083340,0.9490,0.0282,-0.2345,0.98
8.095077,0.9554,0.0282,-0.2359,0.98
8.119955,0.9627,0.0224,-0.2403,0.99
8.137278,0.9510,0.0248,-0.2403,0.98
8.155679,0.9432,0.0292,-0.2399,0.97
8.180850,0.9515,0.0297,-0.2389,0.98
8.202083,0.9510,0.0229,-0.2447,0.98
8.220274,0.9534,0.0248,-0.2482,0.99
8.237813,0.9539,0.0238,-0.2516,0.99
8.263283,0.9544,0.0233,-0.2359,0.98
8.283842,0.9505,0.0253,-0.2359,0.98
8.303395,0.9471,0.0233,-0.2403,0.98
8.321382,0.9505,0.0224,-0.2428,0.98
8.337320,0.9505,0.0219,-0.2467,0.98
8.363047,0.9495,0.0199,-0.2472,0.98
8.383529,0.9471,0.0243,-0.2457,0.98
8.396524,0.9480,0.0214,-0.2457,0.98
8.422187,0.9480,0.0238,-0.2443,0.98
8.445861,0.9505,0.0219,-0.2482,0.98
8.462367,0.9500,0.0224,-0.2457,0.98
8.478581,0.9495,0.0243,-0.2452,0.98
8.503219,0.9524,0.0263,-0.2447,0.98
8.520812,0.9529,0.0209,-0.2447,0.98
8.544596,0.9554,0.0204,-0.2521,0.99
8.562266,0.9490,0.0268,-0.2399,0.98
8.592833,0.9564,0.0219,-0.2408,0.99
8.602597,0.9568,0.0229,-0.2433,0.99
8.619408,0.9456,0.0263,-0.2438,0.98
8.645288,0.9510,0.0268,-0.2345,0.98
8.663913,0.9554,0.0258,-0.2364,0.98
8.691792,0.9520,0.0219,-0.2433,0.98
8.701006,0.9564,0.0204,-0.2447,0.99
8.720947,0.9578,0.0194,-0.2472,0.99
8.746221,0.9534,0.0204,-0.2335,0.98
8.762374,0.9505,0.0229,-0.2350,0.98
8.792184,0.9480,0.0238,-0.2389,0.98
8.803674,0.9490,0.0263,-0.2389,0.98
8.822039,0.9500,0.0253,-0.2438,0.98
8.844794,0.9544,0.0229,-0.2457,0.99
8.863699,0.9578,0.0224,-0.2438,0.99
8.892799,0.9476,0.0253,-0.2428,0.98
8.912493,0.9476,0.0277,-0.2384,0.98
8.926875,0.9515,0.0268,-0.2408,0.98
8.944627,0.9564,0.0243,-0.2487,0.99
8.970340,0.9534,0.0204,-0.2452,0.98
8.991010,0.9524,0.0204,-0.2389,0.98
9.003370,0.9539,0.0214,-0.2408,0.98
9.028160,0.9505,0.0238,-0.2399,0.98
9.044637,0.9461,0.0268,-0.2315,0.97
9.070055,0.9529,0.0258,-0.2306,0.98
9.092676,0.9505,0.0209,-0.2389,0.98
9.111917,0.9490,0.0204,-0.2452,0.98
9.128399,0.9510,0.0248,-0.2408,0.98
9.153438,0.9564,0.0233,-0.2413,0.99
9.170463,0.9544,0.0204,-0.2399,0.98
9.190705,0.9568,0.0248,-0.2438,0.99
9.213169,0.9564,0.0233,-0.2413,0.99
9.227984,0.9490,0.0243,-0.2340,0.98
9.253164,0.9476,0.0243,-0.2335,0.98
9.269967,0.9544,0.0277,-0.2379,0.98
9.291814,0.9524,0.0273,-0.2423,0.98
9.311845,0.9529,0.0238,-0.2452,0.98
9.327744,0.9544,0.0224,-0.2467,0.99
9.354132,0.9529,0.0253,-0.2413,0.98
9.370877,0.9549,0.0258,-0.2355,0.98
9.391447,0.9505,0.0233,-0.2423,0.98
9.412264,0.9520,0.0263,-0.2413,0.98
9.427645,0.9529,0.0238,-0.2418,0.98
9.452549,0.9549,0.0287,-0.2359,0.98
9.469646,0.9495,0.0302,-0.2379,0.98
9.491314,0.9510,0.0248,-0.2384,0.98
9.509798,0.9485,0.0258,-0.2389,0.98
9.535932,0.9524,0.0282,-0.2359,0.98
9.552187,0.9632,0.0219,-0.2413,0.99
9.571317,0.9559,0.0258,-0.2428,0.99
9.591713,0.9432,0.0317,-0.2403,0.97
9.610428,0.9500,0.0307,-0.2364,0.98
9.635607,0.9593,0.0229,-0.2350,0.99
9.653718,0.9520,0.0233,-0.2311,0.98
9.670836,0.9485,0.0238,-0.2355,0.98
9.704580,0.9554,0.0248,-0.2350,0.98
9.711073,0.9520,0.0243,-0.2330,0.98
9.735485,0.9490,0.0297,-0.2315,0.98
9.752407,0.9520,0.0268,-0.2311,0.98
9.778404,0.9515,0.0268,-0.2369,0.98
9.801375,0.9554,0.0277,-0.2394,0.99
9.819217,0.9564,0.0292,-0.2394,0.99
9.835826,0.9505,0.0258,-0.2369,0.98
9.852011,0.9500,0.0253,-0.2320,0.98
9.877750,0.9554,0.0248,-0.2355,0.98
9.900135,0.9603,0.0243,-0.2374,0.99
9.920621,0.9534,0.0243,-0.2369,0.98
9.936303,0.9524,0.0277,-0.2335,0.98
9.960466,0.9515,0.0312,-0.2350,0.98
9.979779,0.9515,0.0277,-0.2384,0.98
10.003740,0.9559,0.0199,-0.2394,0.99
10.020006,0.9500,0.0238,-0.2306,0.98
10.035686,0.9524,0.0248,-0.2286,0.98
10.061638,0.9583,0.0277,-0.2359,0.99
10.079445,0.9471,0.0224,-0.2374,0.98
10.103829,0.9534,0.0248,-0.2394,0.98
10.119160,0.9608,0.0229,-0.2379,0.99
10.137092,0.9568,0.0214,-0.2311,0.98
10.160135,0.9505,0.0277,-0.2291,0.98
10.177641,0.9544,0.0268,-0.2345,0.98
10.201613,0.9554,0.0268,-0.2359,0.98
10.220277,0.9554,0.0258,-0.2315,0.98
10.243874,0.9549,0.0238,-0.2296,0.98
10.260404,0.9544,0.0229,-0.2315,0.98
10.277497,0.9534,0.0258,-0.2330,0.98
10.300242,0.9505,0.0331,-0.2350,0.98
10.320195,0.9529,0.0317,-0.2340,0.98
10.343543,0.9554,0.0268,-0.2325,0.98
10.361692,0.9539,0.0258,-0.2384,0.98
10.379042,0.9515,0.0263,-0.2369,0.98
10.405159,0.9539,0.0248,-0.2320,0.98
10.427122,0.9529,0.0258,-0.2345,0.98
10.444079,0.9544,0.0282,-0.2350,0.98
10.462123,0.9505,0.0248,-0.2330,0.98
10.486228,0.9505,0.0233,-0.2345,0.98
10.507863,0.9588,0.0282,-0.2399,0.99
10.525640,0.9520,0.0307,-0.2306,0.98
10.543461,0.9524,0.0292,-0.2267,0.98
10.561098,0.9573,0.0263,-0.2276,0.98
10.587128,0.9485,0.0253,-0.2384,0.98
10.607011,0.9534,0.0277,-0.2443,0.98
10.626976,0.9568,0.0302,-0.2320,0.99
10.644199,0.9524,0.0273,-0.2296,0.98
10.669037,0.9573,0.0268,-0.2325,0.99
10.686200,0.9549,0.0253,-0.2320,0.98
10.707816,0.9544,0.0155,-0.2325,0.98
10.727772,0.9583,0.0185,-0.2335,0.99
10.743327,0.9564,0.0238,-0.2330,0.98
10.767854,0.9476,0.0268,-0.2320,0.98
10.785286,0.9495,0.0307,-0.2413,0.98
10.807006,0.9564,0.0282,-0.2418,0.99
10.827567,0.9578,0.0233,-0.2423,0.99
10.851480,0.9544,0.0214,-0.2350,0.98
10.867720,0.9529,0.0287,-0.2296,0.98
10.886770,0.9495,0.0336,-0.2276,0.98
10.907365,0.9490,0.0277,-0.2359,0.98
10.927156,0.9568,0.0233,-0.2359,0.99
10.951444,0.9554,0.0204,-0.2325,0.98
10.968297,0.9568,0.0175,-0.2340,0.99
10.986035,0.9549,0.0175,-0.2345,0.98
11.007790,0.9559,0.0214,-0.2389,0.99
11.026696,0.9544,0.0248,-0.2262,0.98
11.050923,0.9617,0.0219,-0.2281,0.99
11.070000,0.9598,0.0204,-0.2306,0.99
11.098838,0.9495,0.0282,-0.2325,0.98
11.110982,0.9568,0.0317,-0.2340,0.99
11.134062,0.9544,0.0287,-0.2359,0.98
11.151660,0.9505,0.0258,-0.2379,0.98
11.167840,0.9534,0.0243,-0.2403,0.98
11.197953,0.9578,0.0219,-0.2364,0.99
11.208935,0.9549,0.0209,-0.2369,0.98
11.235329,0.9510,0.0273,-0.2359,0.98
11.251771,0.9524,0.0307,-0.2345,0.98
11.275795,0.9534,0.0268,-0.2335,0.98
11.299488,0.9505,0.0219,-0.2374,0.98
11.317700,0.9520,0.0238,-0.2359,0.98
11.335182,0.9578,0.0233,-0.2374,0.99
11.351000,0.9559,0.0243,-0.2374,0.99
11.374392,0.9520,0.0238,-0.2345,0.98
11.397847,0.9593,0.0194,-0.2330,0.99
11.417569,0.9529,0.0199,-0.2286,0.98
11.433457,0.9485,0.0233,-0.2291,0.98
11.451015,0.9515,0.0243,-0.2325,0.98
11.475679,0.9578,0.0219,-0.2306,0.99
11.497693,0.9490,0.0248,-0.2364,0.98
11.518820,0.9564,0.0268,-0.2315,0.98
11.533821,0.9617,0.0194,-0.2271,0.99
11.559793,0.9529,0.0243,-0.2267,0.98
11.575597,0.9407,0.0273,-0.2296,0.97
11.597157,0.9549,0.0277,-0.2291,0.98
11.616254,0.9554,0.0219,-0.2306,0.98
11.633639,0.9529,0.0185,-0.2335,0.98
11.658995,0.9578,0.0199,-0.2355,0.99
11.675306,0.9573,0.0204,-0.2276,0.98
11.694628,0.9524,0.0209,-0.2252,0.98
11.715784,0.9534,0.0253,-0.2301,0.98
11.734650,0.9534,0.0253,-0.2267,0.98
11.759105,0.9529,0.0224,-0.2276,0.98
11.774864,0.9500,0.0185,-0.2315,0.98
11.795407,0.9554,0.0204,-0.2286,0.98
11.816548,0.9583,0.0229,-0.2286,0.99
11.843512,0.9573,0.0287,-0.2276,0.98
11.859638,0.9539,0.0233,-0.2286,0.98
11.882868,0.9515,0.0199,-0.2311,0.98
11.897224,0.9549,0.0219,-0.2320,0.98
11.916929,0.9529,0.0219,-0.2291,0.98
11.941784,0.9534,0.0224,-0.2306,0.98
11.958553,0.9534,0.0224,-0.2355,0.98
11.983119,0.9476,0.0321,-0.2281,0.98
12.004610,0.9559,0.0248,-0.2320,0.98
12.026650,0.9656,0.0194,-0.2350,0.99
12.042471,0.9466,0.0209,-0.2359,0.98
12.058574,0.9485,0.0258,-0.2379,0.98
12.083473,0.9515,0.0258,-0.2320,0.98
12.104642,0.9515,0.0224,-0.2345,0.98
12.125166,0.9549,0.0224,-0.2355,0.98
12.142279,0.9568,0.0194,-0.2369,0.99
12.159614,0.9554,0.0214,-0.2364,0.98
12.184548,0.9544,0.0224,-0.2340,0.98
12.205068,0.9544,0.0229,-0.2330,0.98
12.223805,0.9544,0.0273,-0.2350,0.98
12.241335,0.9515,0.0277,-0.2335,0.98
12.266538,0.9524,0.0209,-0.2384,0.98
12.283387,0.9534,0.0204,-0.2394,0.98
12.306888,0.9520,0.0209,-0.2350,0.98
12.324292,0.9559,0.0268,-0.2394,0.99
12.340859,0.9573,0.0253,-0.2389,0.99
12.366503,0.9559,0.0238,-0.2315,0.98
12.383449,0.9461,0.0224,-0.2369,0.98
12.404619,0.9520,0.0233,-0.2413,0.98
12.423365,0.9534,0.0258,-0.2394,0.98
12.450991,0.9534,0.0253,-0.2364,0.98
12.466662,0.9520,0.0229,-0.2276,0.98
12.484539,0.9554,0.0180,-0.2252,0.98
12.512214,0.9539,0.0282,-0.2413,0.98
12.523806,0.9500,0.0302,-0.2477,0.98
12.550027,0.9520,0.0336,-0.2408,0.98
12.566714,0.9539,0.0253,-0.2320,0.98
12.592140,0.9520,0.0229,-0.2267,0.98
12.612584,0.9515,0.0238,-0.2325,0.98
12.632775,0.9554,0.0277,-0.2399,0.99
12.649752,0.9554,0.0268,-0.2389,0.99
12.665450,0.9529,0.0263,-0.2369,0.98
12.694259,0.9524,0.0219,-0.2374,0.98
12.707438,0.9515,0.0229,-0.2399,0.98
12.733097,0.9485,0.0238,-0.2433,0.98
12.750927,0.9515,0.0292,-0.2447,0.98
12.774265,0.9559,0.0258,-0.2408,0.99
12.791349,0.9573,0.0224,-0.2374,0.99
12.813395,0.9505,0.0214,-0.2330,0.98
12.833430,0.9461,0.0248,-0.2296,0.97
12.849496,0.9495,0.0282,-0.2320,0.98
12.874277,0.9549,0.0277,-0.2408,0.99
12.892461,0.9534,0.0273,-0.2443,0.98
12.912517,0.9529,0.0229,-0.2379,0.98
12.934247,0.9520,0.0233,-0.2330,0.98
12.949164,0.9534,0.0282,-0.2359,0.98
12.974934,0.9583,0.0214,-0.2369,0.99
12.990971,0.9490,0.0189,-0.2423,0.98
13.012499,0.9510,0.0243,-0.2467,0.98
13.033096,0.9559,0.0248,-0.2379,0.99
13.050372,0.9549,0.0219,-0.2335,0.98
13.074053,0.9505,0.0219,-0.2330,0.98
13.092287,0.9505,0.0233,-0.2438,0.98
13.112230,0.9554,0.0209,-0.2403,0.99
13.132991,0.9529,0.0224,-0.2389,0.98
13.157052,0.9539,0.0258,-0.2359,0.98
13.174382,0.9505,0.0282,-0.2369,0.98
13.203156,0.9490,0.0253,-0.2408,0.98
13.214758,0.9534,0.0253,-0.2403,0.98
13.233013,0.9549,0.0209,-0.2418,0.99
13.257102,0.9505,0.0258,-0.2423,0.98
13.275806,0.9515,0.0248,-0.2418,0.98
13.304353,0.9588,0.0273,-0.2433,0.99
13.314418,0.9568,0.0287,-0.2428,0.99
13.340959,0.9490,0.0224,-0.2394,0.98
13.357806,0.9451,0.0253,-0.2325,0.97
13.374335,0.9495,0.0258,-0.2306,0.98
13.404623,0.9544,0.0238,-0.2359,0.98
13.416235,0.9564,0.0248,-0.2394,0.99
13.440023,0.9539,0.0312,-0.2374,0.98
13.457996,0.9549,0.0287,-0.2311,0.98
13.482207,0.9476,0.0243,-0.2374,0.98
13.504470,0.9554,0.0292,-0.2389,0.99
13.524560,0.9608,0.0258,-0.2364,0.99
13.540008,0.9554,0.0224,-0.2335,0.98
13.556637,0.9471,0.0189,-0.2301,0.97
13.581908,0.9568,0.0233,-0.2389,0.99
13.602965,0.9593,0.0194,-0.2403,0.99
13.622513,0.9534,0.0209,-0.2374,0.98
13.640603,0.9529,0.0233,-0.2399,0.98
13.666508,0.9510,0.0277,-0.2330,0.98
13.682432,0.9505,0.0248,-0.2369,0.98
13.703189,0.9539,0.0253,-0.2423,0.98
13.725786,0.9539,0.0302,-0.2433,0.98
13.739697,0.9529,0.0297,-0.2408,0.98
13.765116,0.9520,0.0253,-0.2418,0.98
13.782874,0.9534,0.0253,-0.2428,0.98
13.803941,0.9515,0.0219,-0.2389,0.98
13.822687,0.9529,0.0224,-0.2359,0.98
13.840397,0.9524,0.0229,-0.2379,0.98
13.864666,0.9490,0.0321,-0.2369,0.98
13.881691,0.9485,0.0312,-0.2403,0.98
13.904539,0.9568,0.0282,-0.2399,0.99
13.922220,0.9554,0.0253,-0.2403,0.99
13.948021,0.9520,0.0282,-0.2369,0.98
13.965513,0.9554,0.0253,-0.2369,0.98
13.982450,0.9510,0.0238,-0.2394,0.98
14.005197,0.9495,0.0297,-0.2350,0.98
14.022685,0.9524,0.0273,-0.2345,0.98
14.049446,0.9529,0.0180,-0.2340,0.98
14.064676,0.9529,0.0185,-0.2359,0.98
14.083795,0.9554,0.0209,-0.2384,0.98
14.110361,0.9524,0.0224,-0.2345,0.98
14.131633,0.9524,0.0282,-0.2379,0.98
14.147983,0.9520,0.0302,-0.2340,0.98
14.173929,0.9520,0.0268,-0.2345,0.98
14.189445,0.9500,0.0277,-0.2384,0.98
14.212578,0.9554,0.0273,-0.2389,0.99
14.229879,0.9568,0.0258,-0.2374,0.99
14.248553,0.9520,0.0273,-0.2413,0.98
14.274261,0.9549,0.0248,-0.2369,0.98
14.289792,0.9529,0.0229,-0.2359,0.98
14.310772,0.9515,0.0214,-0.2355,0.98
14.330336,0.9534,0.0258,-0.2384,0.98
14.347985,0.9554,0.0282,-0.2408,0.99
14.372352,0.9539,0.0292,-0.2384,0.98
14.389398,0.9485,0.0219,-0.2355,0.98
14.412202,0.9524,0.0194,-0.2408,0.98
14.431254,0.9520,0.0273,-0.2369,0.98
14.455900,0.9559,0.0282,-0.2364,0.99
14.472279,0.9564,0.0204,-0.2403,0.99
14.491169,0.9422,0.0258,-0.2433,0.97
14.511574,0.9476,0.0326,-0.2443,0.98
14.529877,0.9598,0.0312,-0.2423,0.99
14.557446,0.9564,0.0185,-0.2379,0.99
14.572247,0.9490,0.0180,-0.2374,0.98
14.598141,0.9539,0.0238,-0.2384,0.98
14.620437,0.9554,0.0209,-0.2320,0.98
14.639480,0.9505,0.0248,-0.2325,0.98
14.655780,0.9495,0.0287,-0.2364,0.98
14.672194,0.9510,0.0282,-0.2384,0.98
14.697606,0.9515,0.0312,-0.2403,0.98
14.720092,0.9539,0.0282,-0.2487,0.99
14.739537,0.9559,0.0282,-0.2462,0.99
14.756357,0.9524,0.0302,-0.2438,0.98
14.780273,0.9500,0.0263,-0.2379,0.98
14.797630,0.9539,0.0248,-0.2379,0.98
14.819368,0.9515,0.0199,-0.2389,0.98
14.841798,0.9490,0.0199,-0.2374,0.98
14.857011,0.9549,0.0243,-0.2438,0.99
14.880164,0.9539,0.0292,-0.2423,0.98
14.896045,0.9505,0.0258,-0.2438,0.98
14.920589,0.9495,0.0224,-0.2447,0.98
14.940107,0.9466,0.0273,-0.2335,0.98
14.955004,0.9534,0.0233,-0.2345,0.98
14.979915,0.9617,0.0185,-0.2447,0.99
14.997198,0.9476,0.0253,-0.2452,0.98
15.019967,0.9515,0.0317,-0.2438,0.98
15.038958,0.9515,0.0282,-0.2345,0.98
15.064131,0.9500,0.0209,-0.2364,0.98
15.079979,0.9529,0.0209,-0.2413,0.98
15.097664,0.9559,0.0233,-0.2428,0.99
15.118937,0.9559,0.0238,-0.2355,0.98
15.139827,0.9539,0.0253,-0.2355,0.98
15.164048,0.9500,0.0282,-0.2394,0.98
15.180155,0.9544,0.0277,-0.2364,0.98
15.210924,0.9495,0.0253,-0.2403,0.98
15.221336,0.9515,0.0224,-0.2413,0.98
15.241100,0.9554,0.0277,-0.2428,0.99
15.263342,0.9534,0.0277,-0.2438,0.98
15.281632,0.9510,0.0307,-0.2379,0.98
15.309856,0.9515,0.0268,-0.2394,0.98
15.321349,0.9534,0.0238,-0.2413,0.98
15.340993,0.9534,0.0219,-0.2389,0.98
15.369265,0.9505,0.0229,-0.2389,0.98
15.388085,0.9505,0.0258,-0.2423,0.98
15.410898,0.9529,0.0224,-0.2506,0.99
15.420341,0.9529,0.0238,-0.2438,0.98
15.446732,0.9544,0.0224,-0.2374,0.98
15.463812,0.9588,0.0233,-0.2418,0.99
15.489537,0.9436,0.0273,-0.2413,0.97
15.509535,0.9485,0.0302,-0.2389,0.98
15.529340,0.9480,0.0263,-0.2320,0.98
15.547728,0.9456,0.0224,-0.2389,0.98
15.563764,0.9539,0.0199,-0.2467,0.99
15.587856,0.9559,0.0233,-0.2472,0.99
15.611049,0.9510,0.0248,-0.2418,0.98
15.628449,0.9534,0.0258,-0.2403,0.98
15.647938,0.9505,0.0273,-0.2364,0.98
15.663277,0.9461,0.0277,-0.2359,0.98
15.687972,0.9476,0.0248,-0.2374,0.98
15.709831,0.9539,0.0243,-0.2433,0.98
15.729420,0.9524,0.0268,-0.2452,0.98
15.746662,0.9515,0.0273,-0.2423,0.98
15.769701,0.9544,0.0258,-0.2428,0.99
15.785896,0.9534,0.0243,-0.2428,0.98
15.809331,0.9500,0.0238,-0.2418,0.98
15.829525,0.9500,0.0292,-0.2389,0.98
15.845489,0.9505,0.0297,-0.2364,0.98
15.871531,0.9476,0.0204,-0.2384,0.98
15.887449,0.9500,0.0199,-0.2516,0.98
15.909437,0.9490,0.0287,-0.2408,0.98
15.929007,0.9534,0.0273,-0.2457,0.98
15.947222,0.9583,0.0204,-0.2457,0.99
15.971871,0.9456,0.0258,-0.2462,0.98
15.987614,0.9466,0.0258,-0.2438,0.98
16.009363,0.9476,0.0287,-0.2394,0.98
16.028867,0.9485,0.0277,-0.2447,0.98
16.054790,0.9524,0.0253,-0.2472,0.98
16.072366,0.9554,0.0229,-0.2467,0.99
16.095535,0.9515,0.0224,-0.2413,0.98
16.115509,0.9471,0.0238,-0.2433,0.98
16.129636,0.9495,0.0277,-0.2462,0.98
16.155614,0.9495,0.0277,-0.2472,0.98
16.171734,0.9495,0.0233,-0.2487,0.98
16.196011,0.9480,0.0268,-0.2501,0.98
16.213007,0.9500,0.0277,-0.2496,0.98
16.238365,0.9549,0.0292,-0.2565,0.99
16.255154,0.9549,0.0312,-0.2535,0.99
16.272360,0.9539,0.0263,-0.2443,0.99
16.296574,0.9456,0.0258,-0.2408,0.98
16.316565,0.9466,0.0277,-0.2423,0.98
16.336637,0.9520,0.0263,-0.2535,0.99
16.355081,0.9564,0.0258,-0.2584,0.99
16.372815,0.9608,0.0224,-0.2643,1.00
16.396677,0.9549,0.0233,-0.2516,0.99
16.419687,0.9524,0.0219,-0.2575,0.99
16.436376,0.9554,0.0233,-0.2648,0.99
16.454424,0.9495,0.0243,-0.2628,0.99
16.479433,0.9500,0.0331,-0.2535,0.98
16.497217,0.9476,0.0375,-0.2355,0.98
16.518582,0.9456,0.0326,-0.2320,0.97
16.538585,0.9515,0.0307,-0.2345,0.98
16.555383,0.9608,0.0238,-0.2472,0.99
16.580878,0.9593,0.0214,-0.2511,0.99
16.597158,0.9642,0.0175,-0.2594,1.00
16.618745,0.9617,0.0214,-0.2570,1.00
16.636887,0.9520,0.0258,-0.2496,0.98
16.663027,0.9485,0.0312,-0.2369,0.98
16.678836,0.9500,0.0356,-0.2257,0.98
16.705469,0.9559,0.0356,-0.2227,0.98
16.725957,0.9559,0.0297,-0.2237,0.98
16.736483,0.9564,0.0277,-0.2252,0.98
16.763360,0.9598,0.0356,-0.2223,0.99
16.778677,0.9573,0.0419,-0.2223,0.98
16.804497,0.9612,0.0444,-0.2223,0.99
16.827914,0.9637,0.0439,-0.2179,0.99
16.838927,0.9612,0.0424,-0.2086,0.98
16.863275,0.9661,0.0302,-0.1954,0.99
16.878616,0.9588,0.0346,-0.2003,0.98
16.904971,0.9696,0.0317,-0.1910,0.99
16.928109,0.9627,0.0390,-0.1900,0.98
16.944823,0.9534,0.0395,-0.1792,0.97
16.961016,0.9534,0.0370,-0.1758,0.97
16.979522,0.9612,0.0268,-0.1626,0.98
17.004857,0.9681,0.0136,-0.1533,0.98
17.027297,0.9583,0.0141,-0.1577,0.97
17.047086,0.9554,0.0189,-0.1514,0.97
17.061464,0.9534,0.0253,-0.1460,0.96
17.086484,0.9691,0.0292,-0.1611,0.98
17.103235,0.9779,0.0331,-0.1690,0.99
17.126302,0.9896,0.0243,-0.2247,1.02
17.145228,0.9466,0.0693,-0.1230,0.96
17.161462,0.9647,0.0478,-0.1582,0.98
17.186585,0.9451,0.0414,-0.2399,0.98
17.204233,0.9285,0.0062,-0.1235,0.94
17.225071,1.0253,0.0165,-0.2003,1.04
17.246360,0.9896,0.0370,-0.1968,1.01
17.269376,0.8987,0.0424,-0.0888,0.90
17.286241,0.9368,0.0546,-0.1054,0.94
17.304668,0.9652,0.0253,-0.1563,0.98
17.326175,0.9515,0.0409,-0.1426,0.96
17.345712,0.9554,0.0468,-0.1377,0.97
17.370993,0.9466,0.0214,-0.1880,0.97
17.386343,0.9608,0.0219,-0.1690,0.98
17.416294,0.9818,0.0444,-0.1401,0.99
17.428234,0.9881,0.0361,-0.1641,1.00
17.446099,1.0209,0.0189,-0.1391,1.03
17.469752,0.9710,0.0321,-0.1734,0.99
17.488334,0.9715,0.0282,-0.1709,0.99
17.516307,0.9666,0.0449,-0.1699,0.98
17.528266,0.9656,0.0356,-0.1695,0.98
17.554301,0.9681,0.0331,-0.1734,0.98
17.569990,0.9627,0.0429,-0.1748,0.98
17.587869,0.9578,0.0483,-0.1665,0.97
17.616317,0.9598,0.0395,-0.1773,0.98
17.628522,0.9627,0.0317,-0.1768,0.98
17.652322,0.9715,0.0370,-0.1890,0.99
17.668512,0.9754,0.0336,-0.1944,1.00
17.694716,0.9725,0.0473,-0.1494,0.99
17.716548,0.9612,0.0409,-0.1587,0.98
17.737434,0.9583,0.0331,-0.1587,0.97
17.752396,0.9544,0.0258,-0.1670,0.97
17.769827,0.9632,0.0170,-0.1836,0.98
